,count,mean,std,min,25%,50%,75%,max
sepal_length,50.0,5.006,0.3524896872134512,4.3,4.8,5.0,5.2,5.8
sepal_width,50.0,3.418,0.38102439795469095,2.3,3.125,3.4,3.6750000000000003,4.4
petal_length,50.0,1.464,0.1735111594364455,1.0,1.4,1.5,1.5750000000000002,1.9
petal_width,50.0,0.244,0.10720950308167837,0.1,0.2,0.2,0.3,0.6
