,count,mean,std,min,25%,50%,75%,max
sepal_length,50.0,5.936,0.5161711470638635,4.9,5.6,5.9,6.3,7.0
sepal_width,50.0,2.7700000000000005,0.3137983233784114,2.0,2.525,2.8,3.0,3.4
petal_length,50.0,4.26,0.46991097723995806,3.0,4.0,4.35,4.6,5.1
petal_width,50.0,1.3259999999999998,0.197752680004544,1.0,1.2,1.3,1.5,1.8
