,count,mean,std,min,25%,50%,75%,max
sepal_length,50.0,6.587999999999998,0.635879593274432,4.9,6.225,6.5,6.9,7.9
sepal_width,50.0,2.974,0.3224966381726376,2.2,2.8,3.0,3.1750000000000003,3.8
petal_length,50.0,5.5520000000000005,0.5518946956639835,4.5,5.1,5.55,5.875,6.9
petal_width,50.0,2.0260000000000002,0.27465005563666733,1.4,1.8,2.0,2.3,2.5
